,wage,exper,union,goodhlth,black,female,married,service,educ,looks
0,5.73,10.0,0,1,0,1,1,1,14,1
1,4.28,9.333333333333334,0,1,0,1,1,0,12,0
2,7.96,11.666666666666666,0,1,0,1,0,0,10,1
3,11.57,12.666666666666666,0,1,0,0,1,1,16,1
4,11.42,9.0,0,1,0,0,1,0,16,1
5,3.91,6.666666666666667,0,0,0,1,1,0,12,0
6,8.76,4.0,0,1,0,0,1,0,16,1
7,7.69,1.6666666666666667,1,1,0,0,0,0,16,1
8,5.0,1.6666666666666667,0,1,0,1,0,0,16,0
9,3.89,4.0,0,1,0,1,0,0,12,0
10,3.45,1.0,0,1,0,1,0,0,12,1
11,4.03,2.0,0,1,0,0,1,0,16,1
12,5.14,6.333333333333333,0,1,0,0,1,1,17,0
13,3.0,2.6666666666666665,0,1,0,0,0,1,16,0
14,7.99,4.0,0,1,0,0,1,0,16,1
15,6.01,5.666666666666667,0,1,0,0,1,0,16,1
16,5.16,2.3333333333333335,0,1,0,0,1,0,17,0
17,11.54,4.0,0,1,0,0,1,1,17,1
18,10.44,3.3333333333333335,0,1,0,1,0,0,17,1
19,7.69,2.3333333333333335,0,1,0,1,1,1,16,1
20,7.69,2.3333333333333335,1,1,0,0,0,0,17,1
21,6.79,6.333333333333333,0,1,0,0,1,1,14,0
22,6.87,11.0,0,1,0,0,1,1,12,0
23,17.03,10.666666666666666,0,1,0,0,1,0,13,1
24,10.05,4.0,0,1,0,0,1,0,13,1
25,15.81,8.0,0,1,0,0,1,1,17,1
26,14.84,9.666666666666666,0,1,0,0,0,1,13,1
27,19.08,5.666666666666667,0,1,0,0,0,0,17,1
28,8.35,13.666666666666666,0,0,0,0,1,1,16,0
29,9.62,13.333333333333334,0,0,0,0,1,0,16,1
30,5.96,3.3333333333333335,0,1,0,0,1,0,14,0
31,5.73,14.333333333333334,0,0,0,0,1,0,10,0
32,6.73,13.666666666666666,0,1,0,0,1,0,10,1
33,8.17,6.0,0,1,0,0,1,0,16,0
34,12.39,9.333333333333334,0,1,0,0,1,0,12,1
35,9.62,12.333333333333334,0,1,0,0,1,0,13,0
36,4.83,6.666666666666667,0,1,1,0,1,0,16,1
37,7.69,3.3333333333333335,1,1,0,0,1,0,13,0
38,12.5,10.333333333333334,0,1,0,0,1,0,16,1
39,2.82,6.0,0,1,0,0,1,1,12,0
40,12.31,3.0,1,1,0,0,0,0,17,1
41,13.22,14.0,0,1,0,0,1,0,16,1
42,16.83,4.666666666666667,0,1,0,0,1,0,16,1
43,11.54,9.0,0,1,0,0,1,0,16,1
44,4.95,6.666666666666667,0,1,1,1,0,1,14,0
45,7.21,4.666666666666667,0,1,0,0,1,0,17,1
46,11.58,1.3333333333333333,0,1,0,0,1,0,17,1
47,15.38,4.333333333333333,0,1,0,0,1,0,17,1
48,6.1,1.6666666666666667,0,1,0,0,1,1,17,0
49,7.93,10.666666666666666,0,1,0,0,1,1,17,1
50,9.16,6.333333333333333,1,1,0,1,1,1,17,1
51,6.91,4.666666666666667,0,1,0,1,0,1,17,1
52,20.18,9.333333333333334,0,1,0,0,1,1,17,1
53,9.93,10.333333333333334,1,1,0,0,1,0,17,1
54,7.79,6.0,0,1,0,0,1,0,13,1
55,5.13,7.666666666666667,0,1,0,0,1,1,5,0
56,10.99,4.666666666666667,0,1,0,0,1,0,16,1
57,6.56,5.666666666666667,0,1,0,0,1,0,13,0
58,10.1,5.333333333333333,0,1,0,0,1,0,13,1
59,10.74,6.333333333333333,0,1,0,0,1,0,16,1
60,16.35,8.666666666666666,0,1,0,0,1,0,17,1
61,4.62,6.666666666666667,0,1,0,1,1,1,12,1
62,7.49,6.0,0,1,0,0,1,0,17,1
63,19.23,11.666666666666666,0,1,0,0,1,0,17,1
64,4.77,3.0,0,1,0,1,0,1,17,1
65,7.14,6.666666666666667,0,1,0,1,0,1,17,0
66,14.42,2.3333333333333335,0,1,0,0,1,1,17,1
67,9.28,13.333333333333334,0,1,0,0,0,1,17,1
68,29.98,4.0,0,1,0,0,1,1,17,1
69,32.79,11.0,0,1,0,0,1,1,16,1
70,9.62,5.333333333333333,0,1,0,0,1,0,16,1
71,8.36,5.0,0,1,0,1,1,0,16,1
72,21.63,3.6666666666666665,0,1,0,0,1,1,17,1
73,15.9,8.0,0,1,0,0,1,1,17,1
74,5.77,2.0,0,1,0,0,1,1,17,0
75,20.99,13.333333333333334,0,1,0,0,1,1,17,0
76,23.32,5.0,0,1,0,0,1,1,17,1
77,4.97,3.0,0,1,0,0,1,1,17,1
78,6.89,5.333333333333333,0,1,0,0,1,0,17,0
79,5.73,4.0,0,1,0,1,0,1,13,0
80,5.19,2.6666666666666665,0,1,0,0,1,1,17,0
81,7.79,8.333333333333334,1,1,0,1,0,1,17,1
82,8.79,8.0,1,1,0,1,1,1,16,1
83,9.32,8.333333333333334,1,1,0,1,0,0,17,1
84,8.33,2.3333333333333335,0,1,0,1,0,1,17,1
85,10.12,13.333333333333334,0,1,1,1,0,1,10,1
86,1.98,9.666666666666666,0,0,0,1,0,1,8,0
87,8.24,4.333333333333333,0,1,0,1,1,1,17,1
88,5.05,1.6666666666666667,0,1,0,1,0,1,14,1
89,6.55,3.3333333333333335,0,1,0,1,1,0,16,0
90,4.47,8.333333333333334,1,1,0,0,1,1,13,0
91,7.96,3.3333333333333335,0,1,0,1,1,1,16,1
92,6.25,6.666666666666667,0,1,0,0,0,1,17,0
93,4.13,2.3333333333333335,0,1,0,0,0,0,16,0
94,6.73,8.333333333333334,0,1,0,1,1,1,13,0
95,7.69,2.6666666666666665,0,1,0,1,0,1,17,1
96,4.35,2.6666666666666665,0,1,0,1,1,1,14,0
97,7.69,9.333333333333334,0,1,0,0,1,0,14,1
98,4.81,12.333333333333334,0,1,0,0,1,1,16,0
99,5.24,10.333333333333334,0,1,0,0,1,1,17,0
100,2.14,8.0,0,1,0,0,1,1,16,1
101,4.49,11.0,0,1,0,0,1,1,17,1
102,3.61,2.6666666666666665,0,1,0,0,1,1,17,1
103,5.45,11.0,0,1,0,0,1,1,17,0
104,5.0,10.0,0,1,0,0,1,1,17,0
105,6.73,7.666666666666667,0,1,0,0,1,1,17,0
106,10.05,8.0,0,1,0,0,1,0,16,1
107,6.54,1.3333333333333333,0,1,0,0,1,0,17,1
108,9.2,13.333333333333334,0,1,0,1,0,1,17,1
109,4.62,0.3333333333333333,0,1,0,1,0,1,16,0
110,3.37,12.0,0,1,1,1,0,1,13,0
111,5.54,2.3333333333333335,0,1,0,1,0,1,17,1
112,6.11,2.3333333333333335,0,1,0,1,1,0,12,1
113,4.99,4.666666666666667,0,1,0,1,0,1,13,0
114,5.88,2.3333333333333335,0,1,0,1,1,1,17,0
115,5.66,3.6666666666666665,1,1,0,1,0,1,16,1
116,4.0,2.0,0,1,0,0,1,1,16,0
117,6.87,7.666666666666667,0,1,0,1,1,1,16,0
118,4.37,6.333333333333333,0,1,0,1,0,1,17,0
119,5.77,10.0,0,1,0,0,1,0,13,0
120,5.77,7.0,0,1,0,0,1,1,17,1
121,12.31,3.0,0,1,0,0,1,1,17,1
122,19.08,9.666666666666666,1,1,0,0,1,1,17,1
123,7.55,3.0,0,1,0,1,0,1,17,1
124,5.9,6.0,0,1,0,1,0,1,17,1
125,6.37,8.666666666666666,0,1,0,1,0,1,17,0
126,6.15,7.0,1,1,0,0,1,1,17,1
127,1.92,4.0,1,1,0,1,1,1,17,0
128,3.27,3.6666666666666665,0,1,0,0,0,1,17,0
129,2.18,6.0,0,1,0,0,0,1,17,1
130,5.62,7.333333333333333,0,1,0,0,1,1,17,0
131,9.29,12.666666666666666,0,1,0,1,0,1,17,1
132,6.41,3.3333333333333335,1,1,0,1,1,1,17,0
133,7.46,7.333333333333333,1,1,0,1,1,1,16,1
134,6.59,5.333333333333333,1,1,0,1,0,1,17,0
135,6.73,6.666666666666667,1,1,0,1,1,1,17,0
136,5.61,4.666666666666667,1,1,0,1,1,1,16,0
137,3.65,4.666666666666667,0,1,0,1,1,1,16,1
138,13.01,5.0,1,1,0,0,1,1,17,1
139,6.97,6.0,1,1,0,0,0,1,17,0
140,7.69,7.0,1,1,0,1,1,1,17,1
141,6.73,5.0,0,1,0,0,1,1,16,0
142,5.13,3.3333333333333335,1,1,0,1,0,1,17,0
143,2.14,2.0,0,1,0,1,1,1,16,1
144,4.53,2.6666666666666665,1,1,0,1,1,1,14,0
145,9.1,6.0,0,1,0,1,0,1,17,0
146,9.78,5.0,1,1,0,1,0,1,17,1
147,3.63,3.6666666666666665,0,1,0,1,1,1,13,1
148,7.21,6.666666666666667,1,0,1,1,1,1,17,1
149,10.62,6.0,1,1,0,1,1,1,17,1
150,4.62,3.3333333333333335,1,1,0,1,1,1,17,0
151,6.54,8.666666666666666,1,1,0,1,0,1,14,0
152,12.12,11.666666666666666,1,0,0,1,0,1,17,1
153,7.21,10.0,1,1,0,1,1,1,16,1
154,6.25,2.0,1,0,0,1,0,1,16,1
155,3.85,4.333333333333333,1,1,0,1,1,1,17,0
156,3.03,3.3333333333333335,0,0,0,1,1,1,16,0
157,2.01,5.333333333333333,0,1,0,1,1,1,16,0
158,3.9,1.6666666666666667,1,1,0,1,1,1,17,1
159,6.35,3.6666666666666665,1,1,0,1,0,1,17,0
160,2.0,2.0,0,1,0,1,1,1,14,1
161,7.69,7.333333333333333,1,1,0,0,1,1,17,1
162,2.63,1.3333333333333333,0,1,0,1,0,1,12,0
163,5.0,5.0,1,1,0,1,1,1,17,1
164,6.54,2.3333333333333335,0,1,0,1,0,1,17,0
165,5.19,3.3333333333333335,0,1,0,1,1,1,16,0
166,9.75,2.6666666666666665,1,1,0,1,1,1,16,1
167,2.81,4.666666666666667,0,1,1,1,1,0,13,0
168,4.62,3.6666666666666665,1,1,0,0,1,1,17,0
169,7.33,11.333333333333334,1,1,0,0,1,1,17,1
170,7.69,4.0,1,1,0,0,1,1,17,1
171,3.26,3.3333333333333335,1,1,0,0,1,1,17,0
172,5.77,3.6666666666666665,0,1,0,1,0,1,17,0
173,5.59,2.6666666666666665,1,1,0,0,0,1,17,1
174,5.13,9.333333333333334,0,1,1,0,0,1,16,0
175,14.74,8.0,1,1,0,0,1,1,17,0
176,3.67,2.6666666666666665,1,1,0,1,0,1,17,0
177,9.73,4.333333333333333,0,1,0,0,1,1,17,1
178,3.46,1.3333333333333333,1,1,0,0,1,1,13,0
179,6.37,14.333333333333334,1,1,0,0,1,1,17,1
180,6.58,10.0,0,1,0,1,1,1,16,0
181,10.15,5.333333333333333,1,1,1,0,0,1,16,1
182,9.23,6.333333333333333,1,1,0,0,1,1,17,1
183,6.75,7.0,0,0,0,0,1,1,17,0
184,10.22,8.666666666666666,0,1,0,1,0,1,17,1
185,4.76,2.6666666666666665,1,1,0,0,1,1,16,0
186,1.76,8.0,0,1,0,1,0,1,17,0
187,12.73,5.0,1,1,0,0,1,1,17,1
188,5.85,8.666666666666666,1,1,0,0,1,0,12,0
189,3.17,2.0,0,0,0,0,1,0,16,0
190,5.99,6.333333333333333,0,1,0,0,1,0,12,0
191,4.62,1.3333333333333333,0,1,0,0,1,0,12,0
192,1.8,7.666666666666667,0,1,0,0,1,1,13,1
193,5.95,8.333333333333334,0,1,0,0,1,1,13,1
194,7.46,6.0,0,1,0,0,1,0,12,1
195,8.7,9.0,0,1,0,0,1,0,13,0
196,3.75,5.333333333333333,0,1,0,0,1,0,10,0
197,7.69,6.666666666666667,0,1,0,0,1,1,12,1
198,5.24,4.0,0,0,0,0,1,0,14,0
199,10.1,11.666666666666666,0,1,0,0,1,0,12,1
200,3.75,12.0,0,1,0,0,0,0,12,0
201,5.79,11.666666666666666,0,1,0,0,1,0,13,0
202,5.06,1.6666666666666667,0,1,0,0,1,1,17,0
203,7.96,5.0,1,1,0,0,1,0,13,1
204,12.82,14.666666666666666,1,1,0,0,1,0,12,1
205,8.46,9.333333333333334,0,1,0,0,1,0,13,1
206,3.76,0.6666666666666666,1,1,0,1,0,1,13,1
207,2.86,14.333333333333334,0,1,0,0,1,1,12,0
208,11.81,10.0,1,1,0,0,1,0,10,1
209,7.69,8.666666666666666,0,1,0,0,1,0,12,1
210,7.21,13.333333333333334,1,0,0,0,1,0,12,1
211,2.88,2.3333333333333335,0,1,1,1,0,1,13,1
212,5.73,3.3333333333333335,1,1,0,1,0,0,12,0
213,4.49,12.333333333333334,0,1,0,0,1,1,12,0
214,9.57,9.0,1,1,0,0,1,1,17,1
215,3.61,1.6666666666666667,0,1,0,0,1,1,17,0
216,7.77,4.666666666666667,0,1,0,0,1,0,13,0
217,9.23,5.333333333333333,0,1,0,0,0,0,16,0
218,5.58,1.3333333333333333,0,1,0,0,1,0,17,0
219,5.34,13.0,0,1,0,0,1,1,16,0
220,5.17,10.666666666666666,1,1,0,0,1,1,12,0
221,6.41,5.333333333333333,0,1,0,0,1,1,17,1
222,7.4,3.3333333333333335,0,1,0,1,0,1,17,1
223,6.75,5.0,0,1,0,0,1,0,17,1
224,8.46,3.3333333333333335,0,1,0,0,1,1,17,1
225,4.61,3.3333333333333335,0,1,0,1,0,0,13,0
226,8.61,4.0,0,0,0,1,1,0,12,1
227,5.24,1.3333333333333333,0,1,0,0,0,0,16,1
228,15.38,4.0,0,1,0,0,0,0,17,1
229,2.37,5.0,0,1,0,1,1,0,12,1
230,6.72,12.333333333333334,0,1,0,1,0,0,12,1
231,9.4,7.666666666666667,0,1,0,0,1,0,14,1
232,7.84,5.0,0,1,0,0,1,0,16,1
233,15.0,3.3333333333333335,0,1,0,0,0,0,17,1
234,4.7,4.666666666666667,0,1,0,1,1,0,12,1
235,11.28,5.666666666666667,0,1,0,0,0,0,13,1
236,11.97,8.0,0,1,0,0,1,0,16,1
237,13.99,4.333333333333333,0,1,0,0,1,0,17,1
238,3.0,1.6666666666666667,0,1,0,1,1,0,13,0
239,3.41,6.666666666666667,0,1,0,1,1,0,12,0
240,9.62,9.666666666666666,0,1,0,0,1,0,14,1
241,6.73,3.3333333333333335,0,1,0,0,0,0,16,1
242,9.62,12.0,0,1,0,0,1,1,13,1
243,5.19,5.0,0,1,0,1,1,1,13,0
244,4.62,8.666666666666666,0,1,0,1,1,1,12,0
245,5.03,4.333333333333333,0,1,0,1,1,1,14,1
246,9.84,8.666666666666666,0,1,0,0,1,0,14,1
247,5.29,3.0,1,1,0,0,1,0,12,0
248,10.99,13.333333333333334,0,1,0,0,1,0,12,0
249,7.08,9.333333333333334,1,0,0,0,1,0,16,1
250,8.17,4.0,0,1,0,0,0,0,16,0
251,5.88,8.333333333333334,0,1,0,1,1,1,13,1
252,7.92,6.0,0,1,0,1,1,0,13,1
253,4.44,3.0,0,1,0,0,0,0,17,0
254,6.64,3.0,1,1,0,0,1,0,13,0
255,15.8,10.0,0,0,0,0,1,0,17,1
256,9.23,13.333333333333334,0,1,0,1,0,0,14,1
257,12.82,12.0,0,1,0,0,1,0,17,1
258,14.18,10.0,0,1,0,0,1,0,16,1
259,11.54,9.0,1,1,0,0,1,1,12,1
260,9.4,7.333333333333333,1,1,0,0,1,1,12,1
261,10.39,13.333333333333334,1,1,0,0,1,0,13,1
262,5.54,13.333333333333334,0,1,1,0,1,1,12,0
263,7.86,7.0,0,1,0,0,1,0,14,1
264,8.17,12.0,1,0,0,0,1,0,13,1
265,4.05,5.333333333333333,0,1,0,1,1,1,12,1
266,7.81,12.0,1,0,0,0,1,0,10,1
267,2.56,6.0,0,1,0,0,1,0,13,0
268,12.98,3.6666666666666665,0,1,0,0,0,0,16,1
269,41.67,5.333333333333333,0,0,0,0,1,0,13,1
270,4.81,4.0,0,1,0,1,1,0,13,1
271,1.32,0.6666666666666666,1,1,0,0,1,0,10,0
272,3.71,1.3333333333333333,0,1,0,0,0,0,16,0
273,4.81,7.0,1,1,0,0,1,1,16,0
274,4.68,1.3333333333333333,0,1,0,0,0,0,12,0
275,8.21,10.666666666666666,1,1,0,1,0,1,17,0
276,4.03,2.3333333333333335,0,1,0,1,0,0,16,0
277,4.81,1.6666666666666667,0,0,0,0,0,0,13,0
278,15.63,7.666666666666667,0,1,0,0,1,0,16,1
279,7.69,7.666666666666667,1,1,0,0,1,0,5,1
280,7.17,4.666666666666667,0,1,0,0,1,0,13,1
281,8.08,4.333333333333333,0,1,0,0,1,0,16,1
282,9.03,9.333333333333334,0,1,0,0,1,0,13,1
283,6.75,11.666666666666666,0,1,0,0,1,0,14,1
284,8.44,5.333333333333333,0,1,0,0,1,0,13,1
285,6.0,4.0,0,1,0,0,1,1,17,1
286,6.15,2.3333333333333335,0,1,0,0,1,1,17,0
287,4.1,8.333333333333334,0,1,0,0,1,1,12,0
288,14.17,7.333333333333333,1,1,0,0,1,0,13,1
289,6.41,7.333333333333333,0,1,0,0,1,1,17,0
290,31.09,10.666666666666666,0,0,0,0,1,0,13,1
291,10.29,11.666666666666666,0,1,0,0,1,1,13,1
292,5.06,9.333333333333334,0,1,0,0,1,0,12,0
293,6.37,6.0,0,1,0,0,1,0,13,0
294,2.98,3.6666666666666665,0,1,0,1,0,0,17,0
295,13.28,13.333333333333334,0,1,0,0,1,0,13,1
296,4.2,3.3333333333333335,0,1,0,0,1,0,13,0
297,8.92,13.333333333333334,0,1,0,0,1,1,12,1
298,2.63,2.3333333333333335,0,1,0,1,1,0,16,0
299,26.24,8.0,0,1,0,0,1,0,12,1
300,7.54,12.0,0,1,0,0,0,0,12,1
301,8.65,11.333333333333334,0,1,0,0,1,1,13,1
302,20.99,14.666666666666666,0,1,0,0,1,0,16,1
303,10.26,14.666666666666666,0,1,0,0,1,1,13,1
304,8.55,10.0,0,1,0,0,1,0,16,1
305,2.08,7.666666666666667,0,1,0,0,1,0,12,1
306,3.0,1.6666666666666667,0,0,0,0,0,0,13,0
307,6.01,8.333333333333334,0,1,0,0,1,1,16,1
308,10.05,4.666666666666667,0,1,0,0,0,0,13,1
309,5.73,1.6666666666666667,0,1,0,0,1,0,12,0
310,5.93,6.666666666666667,0,1,0,0,1,0,12,0
311,4.49,0.3333333333333333,0,1,0,0,0,0,10,0
312,5.66,4.333333333333333,0,1,0,0,0,0,16,1
313,10.19,5.0,0,1,0,0,1,0,12,1
314,20.99,11.666666666666666,0,1,0,0,1,0,12,1
315,9.05,6.666666666666667,0,1,0,0,1,0,12,1
316,3.92,4.0,0,1,0,0,1,1,12,1
317,4.28,2.3333333333333335,0,1,0,1,0,1,16,1
318,2.75,2.3333333333333335,0,1,0,1,0,0,16,0
319,2.88,10.666666666666666,0,1,0,0,1,0,12,1
320,6.41,4.333333333333333,0,1,0,0,1,0,13,0
321,7.69,5.0,0,1,0,0,1,1,13,1
322,3.75,11.0,0,0,0,1,0,1,10,0
323,6.41,16.0,0,1,0,0,1,0,8,0
324,11.54,12.666666666666666,0,1,0,0,1,0,16,1
325,11.4,9.333333333333334,0,1,0,0,1,1,16,1
326,2.2,6.0,0,1,0,1,1,0,13,1
327,1.65,8.0,0,1,0,1,0,1,13,0
328,6.59,9.0,0,1,0,0,0,1,12,0
329,11.06,8.0,0,1,0,0,1,0,5,1
330,1.63,5.333333333333333,0,1,0,0,1,1,10,0
331,3.58,14.666666666666666,0,1,0,1,1,0,12,0
332,12.31,4.666666666666667,0,1,0,0,1,0,16,1
333,6.66,5.333333333333333,0,1,0,0,1,0,12,0
334,10.53,6.0,0,1,0,1,1,1,16,1
335,1.92,6.0,0,1,0,1,1,1,13,0
336,19.23,5.0,0,1,0,0,1,0,13,1
337,7.21,13.666666666666666,0,1,0,0,1,0,12,1
338,25.64,9.333333333333334,0,1,0,0,1,0,16,1
339,3.85,8.0,0,1,0,0,1,0,12,0
340,10.99,4.333333333333333,0,1,0,0,1,0,12,1
341,10.02,7.333333333333333,0,1,0,0,1,0,13,1
342,5.31,6.0,0,1,0,0,1,0,13,1
343,7.19,13.333333333333334,0,1,0,0,1,0,13,1
344,3.82,5.666666666666667,0,1,0,0,1,0,13,1
345,9.62,5.666666666666667,0,1,0,0,1,0,12,1
346,9.62,6.666666666666667,0,1,0,0,1,0,16,1
347,3.85,10.0,0,1,0,0,1,1,12,1
348,7.5,10.0,0,1,0,0,1,0,12,1
349,6.92,7.333333333333333,0,1,0,0,1,1,12,1
350,7.69,2.3333333333333335,0,1,0,0,1,0,12,1
351,9.23,7.666666666666667,0,1,0,0,0,0,14,1
352,1.27,2.6666666666666665,0,1,0,1,1,0,13,0
353,4.82,10.333333333333334,0,1,0,0,1,0,10,1
354,6.75,10.0,0,1,0,0,1,0,12,0
355,8.55,8.666666666666666,0,1,0,0,0,0,13,0
356,6.41,8.0,1,1,0,0,1,0,12,1
357,7.44,4.0,1,1,0,0,1,0,13,1
358,1.32,12.333333333333334,0,1,0,1,1,0,12,0
359,4.81,5.333333333333333,0,1,0,1,0,0,14,1
360,14.35,7.666666666666667,0,1,0,0,1,1,16,1
361,2.4,3.0,0,1,0,0,1,0,10,0
362,3.08,4.666666666666667,0,1,0,0,1,1,14,0
363,10.66,2.6666666666666665,0,1,0,0,0,0,13,1
364,7.69,13.666666666666666,0,1,0,0,1,0,16,0
365,2.54,1.6666666666666667,0,1,0,0,0,0,13,1
366,6.38,10.0,0,1,0,0,1,0,12,0
367,4.81,4.0,0,1,0,0,1,1,17,1
368,3.82,8.0,0,1,0,1,0,0,12,0
369,7.4,6.333333333333333,0,1,0,0,1,0,13,1
370,7.69,6.666666666666667,0,1,0,0,1,0,12,1
371,8.24,7.666666666666667,0,1,0,1,1,1,14,0
372,2.63,1.0,0,1,0,0,0,0,8,0
373,5.31,6.666666666666667,0,1,0,0,1,0,13,1
374,3.0,15.0,0,1,0,0,1,0,5,0
375,5.7,10.333333333333334,0,1,0,0,1,0,12,0
376,17.49,7.666666666666667,0,1,0,0,1,0,13,1
377,3.89,2.3333333333333335,0,1,0,0,0,1,13,0
378,16.14,7.666666666666667,1,1,0,0,1,0,10,1
379,18.32,8.333333333333334,0,1,0,0,1,0,13,1
380,10.42,9.333333333333334,1,0,0,0,1,0,8,1
381,24.73,12.0,0,1,0,0,1,0,12,1
382,7.61,4.666666666666667,0,1,0,0,1,0,13,1
383,10.0,13.666666666666666,0,1,0,0,1,0,17,1
384,1.68,5.0,0,1,0,0,1,0,10,0
385,5.1,11.333333333333334,0,0,1,0,1,1,17,1
386,7.72,6.666666666666667,0,1,0,0,1,0,16,1
387,13.46,6.666666666666667,0,1,0,0,1,0,16,1
388,17.48,11.666666666666666,0,1,0,0,1,0,17,1
389,1.92,8.333333333333334,0,1,1,0,1,0,10,0
390,5.09,12.666666666666666,0,1,0,0,1,0,13,1
391,6.37,5.333333333333333,0,1,0,1,0,0,17,0
392,5.45,2.0,0,1,0,0,0,0,16,0
393,3.82,4.666666666666667,0,1,0,0,1,0,13,0
394,20.86,11.333333333333334,0,1,0,0,1,0,8,1
395,6.2,2.6666666666666665,0,1,0,0,0,1,17,1
396,26.22,5.666666666666667,0,1,0,0,1,1,17,1
397,2.5,9.0,0,1,0,0,1,1,12,0
398,8.1,4.333333333333333,0,1,0,0,0,0,13,1
399,6.21,14.0,0,1,0,0,1,0,12,0
400,5.24,3.6666666666666665,0,1,0,0,1,0,16,1
401,5.57,4.0,0,1,0,0,1,0,12,1
402,7.6,14.333333333333334,0,1,0,0,1,0,12,1
403,17.49,6.0,0,1,0,0,1,0,16,1
404,10.1,5.666666666666667,0,1,0,0,0,0,16,1
405,4.33,1.3333333333333333,0,1,0,0,0,0,13,0
406,5.38,13.333333333333334,0,1,0,0,1,0,12,1
407,5.7,4.666666666666667,0,1,0,0,1,0,16,1
408,15.73,10.666666666666666,0,1,0,0,1,0,12,1
409,3.16,4.333333333333333,0,1,0,1,1,1,12,0
410,7.63,11.333333333333334,1,0,0,0,0,0,13,1
411,7.69,3.3333333333333335,0,1,0,0,0,0,16,1
412,3.57,8.333333333333334,0,1,0,0,0,0,10,0
413,5.92,3.6666666666666665,0,1,0,0,1,0,13,1
414,13.12,13.333333333333334,0,1,0,0,1,0,13,1
415,38.86,9.666666666666666,0,1,0,0,1,0,13,1
416,1.92,10.0,0,0,0,1,0,0,13,0
417,10.12,6.666666666666667,1,1,0,0,1,0,16,1
418,12.82,4.0,0,1,0,0,1,0,16,1
419,5.49,6.666666666666667,0,1,0,1,0,0,13,1
420,14.79,9.666666666666666,0,1,0,0,1,0,17,1
421,10.19,5.0,0,1,0,0,1,0,17,0
422,2.11,12.333333333333334,1,1,0,1,0,0,10,0
423,9.28,3.6666666666666665,0,1,0,0,0,0,13,1
424,5.33,6.333333333333333,0,1,0,0,1,0,13,1
425,9.13,4.333333333333333,0,1,0,0,1,0,13,1
426,9.89,13.666666666666666,0,1,0,0,1,0,10,1
427,6.37,3.6666666666666665,0,1,0,0,1,0,10,0
428,4.0,8.666666666666666,0,1,0,1,0,0,12,0
429,5.09,2.3333333333333335,0,1,0,0,1,0,13,1
430,5.13,7.0,0,1,0,0,1,0,12,1
431,2.47,0.3333333333333333,0,1,0,1,0,0,16,1
432,3.29,8.666666666666666,0,1,0,1,1,0,10,0
433,3.95,0.3333333333333333,0,1,0,1,0,0,12,0
434,3.04,4.0,0,1,0,1,1,0,12,0
435,2.27,1.0,0,1,0,1,1,0,12,0
436,3.34,1.6666666666666667,0,1,0,1,1,0,12,0
437,4.9,1.6666666666666667,1,1,0,0,0,0,13,0
438,7.21,2.0,0,1,0,0,1,0,14,1
439,3.44,0.3333333333333333,0,1,0,0,0,0,12,1
440,2.4,2.0,0,1,0,1,1,0,12,1
441,8.26,12.666666666666666,0,1,0,0,1,0,12,1
442,10.68,12.666666666666666,0,1,0,0,1,0,12,1
443,4.62,12.333333333333334,0,1,0,0,1,0,13,0
444,7.55,8.666666666666666,0,1,0,0,1,0,13,1
445,6.75,14.0,0,0,0,0,1,0,13,0
446,7.69,14.0,0,1,0,0,1,0,12,1
447,7.25,3.3333333333333335,0,1,0,0,1,0,14,1
448,8.74,5.333333333333333,0,1,0,0,1,0,12,1
449,4.62,11.333333333333334,0,1,0,0,1,0,13,0
450,3.33,5.666666666666667,0,1,0,0,0,0,12,0
451,4.81,4.0,0,1,0,1,0,0,12,0
452,4.58,8.0,0,1,0,0,1,0,12,0
453,4.09,1.0,0,1,0,1,1,0,13,0
454,1.83,1.0,0,0,0,1,0,0,13,1
455,3.33,4.666666666666667,0,1,0,0,1,0,10,0
456,4.72,1.0,0,0,0,1,0,0,12,0
457,3.06,10.666666666666666,0,1,0,0,1,0,12,1
458,4.95,3.0,0,1,0,0,1,0,13,1
459,11.54,11.333333333333334,0,1,0,0,1,0,13,1
460,5.63,1.6666666666666667,0,1,0,0,1,0,14,0
461,4.05,3.3333333333333335,0,1,0,1,1,0,12,0
462,1.16,0.6666666666666666,0,1,0,1,0,0,13,1
463,4.1,11.333333333333334,0,1,0,1,1,0,8,0
464,2.46,5.666666666666667,0,1,0,1,1,0,12,0
465,4.11,3.3333333333333335,0,1,0,1,0,1,12,1
466,6.11,14.666666666666666,0,1,0,1,1,0,13,0
467,4.47,3.6666666666666665,0,1,0,1,1,0,12,1
468,4.62,1.0,0,1,0,1,0,0,12,1
469,1.28,0.6666666666666666,0,1,0,1,1,1,13,0
470,4.4,8.333333333333334,0,1,0,1,0,0,12,1
471,1.27,4.0,0,1,0,1,1,1,12,0
472,3.95,3.3333333333333335,0,1,0,1,0,0,12,1
473,3.64,2.6666666666666665,0,0,0,0,0,0,12,0
474,3.75,1.6666666666666667,0,1,0,1,0,0,14,1
475,3.21,4.0,0,1,0,1,0,0,13,1
476,2.63,2.0,0,1,0,1,1,1,13,0
477,5.64,3.0,0,1,0,0,1,0,16,0
478,3.0,0.6666666666666666,0,1,0,1,0,0,12,1
479,1.98,2.3333333333333335,0,1,0,1,1,0,12,1
480,4.81,8.666666666666666,0,1,0,1,0,0,12,0
481,2.63,4.333333333333333,0,1,0,1,1,1,13,1
482,3.16,9.0,0,1,0,1,1,0,12,0
483,6.27,1.0,1,1,0,0,0,1,13,0
484,4.05,2.6666666666666665,0,1,0,1,0,0,13,0
485,1.98,2.6666666666666665,0,1,0,1,1,0,16,0
486,2.18,0.6666666666666666,0,1,0,1,1,0,12,1
487,2.63,1.3333333333333333,0,1,0,1,1,0,12,1
488,2.43,0.3333333333333333,0,1,0,1,0,0,10,1
489,1.98,1.3333333333333333,0,1,0,1,0,0,12,1
490,4.09,1.6666666666666667,0,1,0,1,1,0,12,1
491,2.5,4.0,0,1,0,1,0,1,12,0
492,2.51,1.3333333333333333,0,1,0,1,0,0,12,1
493,3.85,2.3333333333333335,1,1,0,1,0,0,10,1
494,5.13,1.6666666666666667,0,1,0,0,0,0,12,1
495,4.81,1.6666666666666667,0,1,0,1,0,0,12,0
496,4.81,1.0,0,1,0,0,0,1,13,1
497,7.07,2.6666666666666665,1,1,1,1,0,0,13,1
498,2.31,1.0,0,1,0,1,0,1,13,1
499,3.89,1.3333333333333333,0,1,1,1,0,0,16,1
500,1.98,8.333333333333334,0,1,0,1,0,0,12,0
501,3.75,10.333333333333334,0,0,0,1,0,0,12,1
502,1.25,1.6666666666666667,0,1,0,1,1,0,12,1
503,7.63,3.6666666666666665,0,1,0,0,0,1,16,1
504,6.54,2.6666666666666665,0,1,1,1,0,0,13,0
505,13.13,8.0,0,1,0,0,1,0,16,1
506,4.4,1.0,0,1,0,1,0,0,13,1
507,7.69,5.333333333333333,0,1,1,1,1,0,13,1
508,3.85,2.3333333333333335,0,1,0,0,1,0,10,0
509,7.69,8.333333333333334,0,1,0,0,1,0,12,1
510,5.0,6.333333333333333,0,1,0,0,0,0,13,0
511,8.94,10.333333333333334,1,1,0,0,1,0,10,1
512,5.09,2.3333333333333335,0,1,0,1,0,0,17,1
513,3.16,0.3333333333333333,0,1,1,1,0,1,12,0
514,10.58,7.0,0,1,0,0,1,0,13,1
515,6.87,1.6666666666666667,0,0,1,1,1,0,12,0
516,2.14,1.3333333333333333,0,1,1,1,0,0,13,1
517,5.13,5.0,0,1,0,1,0,0,16,1
518,1.95,3.3333333333333335,1,1,0,1,1,1,13,0
519,1.92,2.6666666666666665,0,1,0,1,1,1,12,1
520,2.65,6.0,0,1,0,1,1,1,13,0
521,2.62,3.3333333333333335,1,1,0,1,1,1,17,0
522,7.91,2.0,1,1,0,1,0,0,13,1
523,8.55,10.0,1,1,0,0,1,0,12,1
524,8.44,6.333333333333333,1,1,0,1,0,0,13,1
525,7.96,10.0,1,1,0,0,1,0,12,1
526,7.21,12.666666666666666,0,0,1,0,0,0,12,1
527,4.67,1.3333333333333333,0,1,0,0,0,0,10,0
528,4.28,2.3333333333333335,0,1,0,1,0,1,13,1
529,3.61,1.3333333333333333,0,1,0,1,0,0,13,0
530,1.92,0.6666666666666666,0,1,0,1,0,0,14,0
531,1.68,1.6666666666666667,0,1,0,1,1,0,13,0
532,4.46,7.0,0,1,0,1,1,0,12,0
533,2.11,4.0,0,1,0,1,0,0,13,1
534,3.81,1.3333333333333333,0,1,0,0,1,0,12,1
535,6.25,3.6666666666666665,0,1,0,1,1,0,12,1
536,3.08,1.6666666666666667,0,1,1,1,0,0,13,0
537,5.39,15.0,0,0,0,0,1,0,10,0
538,7.33,10.333333333333334,1,0,0,0,1,0,13,1
539,4.92,12.666666666666666,1,0,1,1,0,0,12,0
540,9.89,11.666666666666666,1,1,1,0,0,0,10,1
541,2.98,4.0,0,1,0,1,1,0,12,0
542,2.92,4.0,0,1,0,1,0,1,12,1
543,4.17,11.333333333333334,0,1,0,1,1,1,12,1
544,3.34,6.666666666666667,0,1,1,1,0,0,13,0
545,2.26,1.0,0,1,0,1,0,0,14,1
546,10.12,6.0,0,1,0,1,0,1,13,1
547,6.35,6.666666666666667,0,1,0,1,1,0,12,0
548,7.8,2.0,0,1,1,1,0,1,13,1
549,3.75,3.0,0,1,0,1,0,0,12,1
550,3.59,1.0,0,1,0,1,1,0,12,1
551,4.52,2.3333333333333335,0,1,0,1,0,0,13,0
552,4.47,4.0,0,1,0,1,1,0,12,0
553,5.29,4.0,0,1,0,1,0,1,12,1
554,5.29,3.3333333333333335,0,1,0,1,0,1,13,1
555,4.81,3.0,0,1,0,1,0,0,13,1
556,1.98,1.0,0,1,0,1,1,1,14,0
557,3.17,0.6666666666666666,0,1,0,1,0,0,13,0
558,2.88,13.333333333333334,0,1,0,1,1,1,12,1
559,3.47,1.6666666666666667,0,1,0,1,1,1,13,0
560,3.92,5.0,0,1,0,1,1,0,12,0
561,3.46,4.333333333333333,0,1,0,1,1,1,17,1
562,4.95,3.3333333333333335,0,1,1,1,0,0,14,1
563,2.18,0.6666666666666666,0,1,0,1,0,0,12,0
564,4.1,7.666666666666667,0,1,0,1,0,0,12,1
565,2.62,5.0,0,1,0,1,0,1,12,0
566,6.59,10.0,0,1,0,1,0,0,13,0
567,3.96,5.0,0,1,0,1,1,0,12,0
568,4.81,3.6666666666666665,0,1,0,1,0,0,13,0
569,3.75,9.0,0,1,0,1,0,1,12,0
570,7.34,3.0,1,1,0,1,0,0,12,1
571,2.93,0.3333333333333333,0,1,0,1,0,1,12,1
572,3.47,5.0,0,1,0,1,0,1,12,0
573,5.64,5.333333333333333,0,1,0,1,1,1,12,0
574,3.75,1.0,0,1,0,1,0,1,13,0
575,5.45,6.333333333333333,0,1,0,1,0,1,17,1
576,4.09,6.0,0,0,0,1,0,0,13,1
577,3.75,1.3333333333333333,0,1,0,1,1,0,12,0
578,6.73,4.666666666666667,0,1,0,1,1,0,12,1
579,3.28,2.6666666666666665,1,1,0,1,1,1,13,0
580,3.57,3.3333333333333335,0,1,0,1,0,0,12,1
581,6.01,11.0,0,1,0,0,1,0,12,0
582,4.62,3.0,0,1,0,0,1,0,10,0
583,6.84,8.666666666666666,0,1,0,0,1,0,12,1
584,6.41,5.0,0,1,0,1,1,0,10,0
585,3.44,10.333333333333334,0,1,0,0,1,0,12,0
586,3.85,7.333333333333333,1,1,0,0,1,0,10,0
587,7.15,10.0,1,1,0,1,0,0,12,1
588,4.05,1.0,0,1,1,1,0,0,12,0
589,2.91,1.3333333333333333,0,1,0,0,0,0,14,1
590,1.92,1.3333333333333333,0,0,0,1,0,0,12,0
591,4.42,3.0,0,1,0,0,0,0,12,0
592,8.49,2.3333333333333335,1,1,0,0,0,0,14,1
593,4.28,1.0,1,1,1,0,0,0,13,0
594,3.33,1.6666666666666667,0,1,0,0,1,1,12,1
595,8.46,16.0,0,1,0,0,1,0,13,1
596,8.65,1.0,0,1,0,1,0,0,12,1
597,1.16,1.6666666666666667,0,1,0,1,1,1,10,0
598,1.98,1.6666666666666667,0,1,1,1,1,1,13,0
599,2.57,1.0,0,1,0,1,1,1,12,0
600,2.58,2.0,0,1,1,1,0,1,12,1
601,2.51,3.3333333333333335,0,1,0,1,1,1,12,1
602,77.72,3.0,1,1,1,1,1,1,13,1
603,4.33,8.666666666666666,1,1,0,1,1,0,12,1
604,4.09,11.0,1,1,0,0,1,0,8,0
605,5.73,4.0,1,1,0,1,0,0,12,0
606,4.81,3.6666666666666665,1,1,0,1,0,0,12,0
607,7.69,3.3333333333333335,0,1,0,1,0,0,12,1
608,5.73,3.0,1,1,0,1,0,0,12,0
609,5.88,5.666666666666667,1,1,0,1,0,0,12,0
610,4.27,12.333333333333334,0,1,0,0,1,0,13,0
611,9.62,9.333333333333334,0,1,0,0,0,0,16,1
612,9.36,5.333333333333333,0,1,0,0,0,0,12,1
613,3.95,0.6666666666666666,0,1,0,1,0,0,12,1
614,5.73,11.333333333333334,1,1,0,1,1,0,12,0
615,2.6,2.3333333333333335,0,1,0,1,0,0,12,0
616,3.75,1.3333333333333333,0,1,0,1,0,0,12,1
617,5.61,4.0,0,1,0,1,1,1,14,1
618,5.73,6.666666666666667,0,1,0,1,1,0,13,0
619,3.85,5.666666666666667,0,1,0,1,1,0,12,0
620,2.88,0.0,0,1,0,1,0,1,12,0
621,2.75,2.3333333333333335,0,1,0,1,0,0,12,1
622,11.57,4.333333333333333,0,1,0,0,0,0,13,1
623,4.33,1.3333333333333333,0,1,1,1,0,1,13,0
624,2.75,1.0,0,1,0,1,1,0,12,0
625,5.34,1.6666666666666667,0,1,0,1,0,0,10,0
626,6.56,6.333333333333333,0,1,0,0,1,0,12,0
627,4.68,4.0,0,1,0,0,1,0,13,0
628,1.98,3.3333333333333335,0,1,0,1,1,0,12,0
629,7.96,6.0,1,1,0,0,1,0,12,1
630,4.87,6.0,0,1,0,1,1,0,13,0
631,3.16,14.666666666666666,1,1,0,1,1,0,10,0
632,6.25,1.6666666666666667,0,1,0,0,0,0,12,0
633,3.0,6.0,0,1,0,1,1,0,13,1
634,3.75,4.0,1,1,0,1,0,0,12,1
635,3.75,2.0,0,1,0,1,1,0,12,1
636,6.54,4.333333333333333,0,1,1,1,0,1,13,1
637,4.19,3.3333333333333335,0,1,0,0,1,0,13,0
638,5.37,6.666666666666667,0,1,0,0,1,0,12,0
639,2.14,10.666666666666666,0,1,0,1,0,1,16,1
640,4.81,10.666666666666666,0,1,0,1,1,0,12,0
641,3.53,2.6666666666666665,0,1,0,1,1,0,12,0
642,4.33,8.333333333333334,0,1,0,1,0,1,12,0
643,6.13,6.0,1,1,0,0,1,0,12,0
644,8.79,10.333333333333334,1,0,0,0,1,1,12,0
645,8.21,10.0,1,1,0,0,1,0,12,1
646,2.39,2.6666666666666665,0,1,0,0,1,0,10,0
647,4.58,6.0,0,1,0,0,1,0,12,1
648,6.97,5.333333333333333,0,1,0,0,1,0,13,0
649,10.12,9.666666666666666,1,1,0,0,1,0,12,1
650,3.75,10.0,0,1,0,0,1,0,12,0
651,3.52,2.6666666666666665,0,1,0,0,0,0,12,0
652,8.41,7.333333333333333,0,1,0,0,1,0,10,1
653,7.96,5.0,0,1,0,0,1,0,12,1
654,8.24,6.666666666666667,1,1,0,0,1,0,12,0
655,3.22,6.0,0,1,0,0,1,0,12,0
656,7.96,12.0,0,1,0,0,1,0,8,1
657,8.65,3.6666666666666665,1,1,0,0,0,0,12,1
658,4.27,1.0,0,1,1,0,0,0,10,0
659,12.66,7.333333333333333,1,1,0,0,1,0,12,1
660,7.96,5.333333333333333,1,1,0,0,1,0,10,1
661,3.49,14.666666666666666,0,1,0,0,1,0,10,0
662,10.12,6.666666666666667,0,1,0,0,0,0,13,0
663,3.08,1.6666666666666667,0,1,0,0,1,0,13,1
664,7.96,2.6666666666666665,1,1,0,0,1,0,12,1
665,2.75,0.6666666666666666,0,1,0,0,0,0,12,1
666,3.39,3.3333333333333335,0,1,0,0,1,0,10,0
667,5.49,2.3333333333333335,0,1,0,0,1,0,12,0
668,4.27,3.6666666666666665,0,1,0,0,1,0,12,0
669,5.71,6.0,1,1,0,0,1,0,12,0
670,3.46,2.6666666666666665,0,1,0,1,1,0,14,0
671,15.38,12.333333333333334,0,1,0,0,1,0,12,1
672,8.41,4.0,0,1,0,0,0,0,13,1
673,10.12,3.6666666666666665,0,1,0,0,1,0,12,1
674,3.85,2.3333333333333335,0,1,0,0,1,0,12,1
675,4.62,7.666666666666667,0,1,0,0,1,1,12,1
676,3.41,1.6666666666666667,0,1,0,0,1,1,12,0
677,10.58,7.333333333333333,1,1,0,0,1,0,12,1
678,10.1,11.666666666666666,1,1,0,0,0,0,13,1
679,7.96,2.0,0,1,0,0,1,0,13,1
680,6.81,4.666666666666667,0,1,0,0,1,0,8,1
681,7.21,12.333333333333334,1,1,0,0,1,0,12,1
682,6.41,10.666666666666666,1,1,0,0,1,0,8,0
683,4.77,10.0,1,1,0,0,1,0,10,0
684,6.05,3.3333333333333335,1,1,0,0,1,0,13,0
685,3.75,3.0,1,1,0,0,1,0,10,0
686,9.16,4.666666666666667,1,1,0,0,1,0,13,1
687,3.33,6.333333333333333,0,1,0,0,1,0,10,0
688,4.77,2.0,1,1,0,0,1,0,14,0
689,5.79,9.333333333333334,0,1,0,0,1,0,12,0
690,3.96,3.3333333333333335,0,1,0,1,0,0,16,0
691,6.41,12.333333333333334,1,1,0,0,1,0,12,0
692,5.55,13.666666666666666,1,1,0,0,1,0,12,0
693,12.74,6.0,1,0,0,0,1,0,10,1
694,7.69,4.666666666666667,0,1,0,0,0,0,13,1
695,8.17,4.0,1,1,0,0,0,0,16,1
696,6.4,8.666666666666666,0,1,0,0,1,0,12,0
697,3.57,6.333333333333333,0,1,1,1,1,0,12,0
698,6.59,7.333333333333333,0,1,0,0,0,0,10,1
699,7.69,9.0,0,1,0,0,1,0,12,1
700,10.26,9.0,0,1,1,0,0,0,12,1
701,7.08,8.333333333333334,0,1,0,0,1,0,10,1
702,10.42,3.3333333333333335,0,1,0,0,1,0,12,1
703,8.08,2.3333333333333335,0,1,0,0,1,0,12,1
704,4.95,2.3333333333333335,0,1,0,0,0,0,13,1
705,9.81,8.0,0,1,0,0,1,0,13,1
706,5.77,3.3333333333333335,0,1,0,0,0,0,12,1
707,4.81,1.0,0,1,0,0,0,0,12,1
708,11.95,9.333333333333334,0,1,0,0,1,0,14,1
709,6.12,7.666666666666667,0,1,0,0,1,0,12,1
710,4.58,12.333333333333334,0,1,0,0,0,0,12,1
711,2.26,6.0,0,0,0,1,1,0,10,0
712,4.37,1.6666666666666667,0,1,0,0,1,0,12,0
713,7.71,14.0,0,1,0,0,1,0,8,0
714,7.96,6.666666666666667,0,1,0,1,0,0,13,1
715,8.93,11.0,0,1,0,0,0,0,12,1
716,12.27,8.333333333333334,0,0,0,0,1,0,10,1
717,5.73,4.666666666666667,1,1,0,1,1,0,12,1
718,7.26,3.3333333333333335,0,1,0,0,1,0,13,1
719,4.73,7.0,0,1,0,0,1,0,5,0
720,5.38,2.6666666666666665,0,1,0,0,1,0,12,0
721,9.0,14.0,0,1,0,0,1,0,12,1
722,4.91,3.3333333333333335,0,1,0,0,1,0,12,1
723,14.31,13.333333333333334,1,1,0,0,1,0,10,0
724,9.74,4.333333333333333,0,1,0,0,1,0,12,1
725,4.13,13.0,0,1,0,0,1,0,12,0
726,3.75,3.0,0,1,0,0,1,0,13,0
727,5.26,8.666666666666666,0,1,0,0,1,0,12,0
728,21.74,8.0,1,1,0,0,1,0,12,1
729,8.81,4.666666666666667,1,1,0,0,1,0,12,1
730,8.17,4.0,1,1,0,0,1,0,13,1
731,7.5,11.666666666666666,1,1,0,0,1,0,12,1
732,3.42,4.666666666666667,0,0,0,0,1,0,12,0
733,8.89,6.0,1,1,0,0,1,0,12,1
734,4.16,10.666666666666666,0,1,0,0,1,0,13,0
735,8.17,7.666666666666667,1,1,0,0,1,0,12,1
736,8.12,7.333333333333333,0,1,0,0,1,0,12,1
737,10.12,9.666666666666666,0,1,0,0,1,0,12,1
738,12.5,10.0,1,1,0,0,1,0,13,1
739,4.33,5.0,0,1,0,0,0,1,8,0
740,5.2,3.3333333333333335,0,1,0,0,0,1,12,1
741,9.62,4.0,0,1,0,0,1,1,10,1
742,16.03,8.333333333333334,0,1,0,0,1,1,10,1
743,9.28,9.666666666666666,0,1,0,0,1,1,12,1
744,2.81,13.333333333333334,0,0,0,0,1,0,8,0
745,7.21,11.333333333333334,0,1,1,0,1,0,5,1
746,8.0,6.0,0,1,0,0,1,1,12,1
747,10.99,7.333333333333333,1,0,0,0,1,0,12,1
748,4.47,4.0,0,1,0,0,1,0,12,0
749,7.07,3.3333333333333335,0,1,0,0,1,1,12,1
750,1.66,5.0,0,1,0,0,1,1,12,1
751,7.93,13.0,1,1,0,0,1,0,12,0
752,5.23,6.0,1,1,0,0,0,0,12,0
753,7.96,6.0,1,1,0,0,1,0,10,1
754,7.03,5.333333333333333,1,1,0,0,1,0,12,0
755,3.75,6.0,0,1,0,0,1,1,8,0
756,5.29,1.3333333333333333,0,1,0,0,0,0,13,0
757,4.46,1.3333333333333333,0,1,0,0,0,0,13,0
758,7.96,13.0,0,1,0,0,1,1,13,1
759,5.45,5.333333333333333,0,1,0,0,1,0,12,0
760,6.87,7.666666666666667,0,1,0,0,1,1,12,0
761,10.3,4.666666666666667,1,1,0,0,1,0,17,1
762,8.01,4.0,0,1,0,0,1,0,16,1
763,6.25,13.333333333333334,0,1,0,0,1,0,13,0
764,7.96,14.666666666666666,1,1,0,0,1,0,10,1
765,3.93,2.6666666666666665,0,1,0,0,1,0,13,0
766,7.75,7.666666666666667,1,1,0,0,1,0,5,1
767,4.3,3.6666666666666665,1,1,0,0,0,0,12,0
768,4.9,2.6666666666666665,1,1,0,0,1,0,12,0
769,5.56,15.0,0,1,0,0,1,0,10,0
770,5.73,6.333333333333333,0,1,0,0,1,0,12,0
771,5.7,6.333333333333333,0,1,0,0,1,1,13,1
772,4.57,2.3333333333333335,0,1,0,0,0,0,12,0
773,4.15,2.6666666666666665,0,1,0,0,1,0,13,1
774,4.71,11.333333333333334,0,1,0,0,1,0,12,0
775,7.21,6.666666666666667,0,1,0,0,1,0,12,1
776,7.04,4.0,1,1,0,0,0,0,13,1
777,1.48,4.333333333333333,0,1,0,0,0,1,12,0
778,3.37,4.333333333333333,1,0,0,1,1,0,12,1
779,9.62,1.3333333333333333,1,1,0,0,0,0,12,1
780,3.75,1.0,0,1,0,0,0,0,12,1
781,7.14,5.666666666666667,1,1,0,0,1,0,12,1
782,6.99,3.3333333333333335,0,1,0,0,1,1,13,1
783,8.46,8.666666666666666,1,1,0,0,1,0,10,1
784,4.76,4.0,0,1,0,0,1,0,16,0
785,3.9,0.6666666666666666,0,1,1,1,0,0,13,1
786,5.77,3.6666666666666665,0,1,0,0,1,1,14,1
787,8.74,6.333333333333333,0,1,0,0,1,1,12,1
788,6.56,1.3333333333333333,0,1,0,0,0,0,16,1
789,4.24,3.0,0,1,0,0,0,0,13,0
790,4.09,5.0,0,1,0,0,1,1,12,1
791,20.99,8.333333333333334,0,1,0,0,1,0,10,1
792,7.69,2.3333333333333335,0,1,0,0,1,0,12,1
793,4.58,9.666666666666666,1,1,0,0,1,0,12,0
794,6.49,9.333333333333334,1,0,0,0,1,0,12,0
795,12.82,1.0,1,1,0,0,1,0,12,1
796,9.62,3.0,1,1,0,0,1,0,13,1
797,8.89,14.0,1,1,0,0,1,0,12,1
798,10.58,5.666666666666667,1,1,0,0,1,0,12,1
799,7.21,9.666666666666666,0,1,0,0,0,0,5,1
800,1.65,2.3333333333333335,0,1,0,0,0,0,10,0
801,10.58,5.0,1,1,0,0,1,0,12,1
802,3.04,5.0,1,1,0,0,1,0,12,0
803,4.55,14.333333333333334,0,1,0,0,1,1,10,0
804,7.69,14.666666666666666,1,1,0,0,1,0,10,1
805,3.0,3.6666666666666665,0,1,0,0,1,1,13,0
806,12.02,10.333333333333334,1,1,0,0,1,0,12,1
807,5.99,7.0,1,1,0,0,1,0,14,0
808,8.94,11.666666666666666,1,1,0,0,1,0,13,1
809,4.0,2.3333333333333335,0,1,0,0,0,0,10,1
810,1.98,1.0,1,1,0,0,0,0,12,0
811,1.27,0.0,0,1,0,1,0,0,10,1
812,5.57,3.3333333333333335,0,1,0,0,1,1,5,0
813,7.36,13.0,0,1,0,0,1,0,12,0
814,3.08,1.6666666666666667,0,1,0,0,1,0,12,0
815,9.64,12.0,1,1,0,0,1,0,10,1
816,5.09,6.0,0,1,0,0,1,1,10,0
817,10.12,5.666666666666667,1,1,0,0,1,0,10,1
818,9.62,13.333333333333334,1,1,1,0,0,0,8,1
819,5.77,1.6666666666666667,1,1,0,0,1,0,12,0
820,8.32,8.666666666666666,1,1,0,0,0,0,12,1
821,5.73,11.333333333333334,1,1,0,0,1,0,12,0
822,5.73,3.6666666666666665,0,1,0,0,1,0,12,0
823,7.21,14.333333333333334,1,1,0,0,1,0,10,1
824,8.78,8.0,1,1,0,0,1,0,12,1
825,7.96,5.0,1,1,0,0,1,0,13,1
826,9.62,3.6666666666666665,1,1,0,0,1,0,12,1
827,7.45,12.666666666666666,1,1,0,0,1,0,12,1
828,18.46,6.666666666666667,1,1,0,0,1,0,12,1
829,8.85,3.0,1,1,0,0,1,0,12,1
830,8.0,2.3333333333333335,0,1,0,0,0,0,10,1
831,5.73,15.666666666666666,0,1,0,0,1,0,10,0
832,10.61,5.666666666666667,1,1,0,0,1,0,13,1
833,6.84,15.0,1,1,0,0,1,0,13,0
834,7.78,3.0,1,1,0,0,1,0,12,1
835,4.21,6.0,0,1,0,0,0,0,10,0
836,10.12,9.333333333333334,1,1,0,0,1,0,12,1
837,5.56,3.3333333333333335,0,1,0,0,1,0,13,0
838,5.77,8.0,0,1,0,0,0,0,10,0
839,3.85,4.666666666666667,0,1,0,0,1,0,12,0
840,4.33,10.333333333333334,0,1,0,0,0,0,8,0
841,4.09,1.0,0,1,1,1,0,0,10,0
842,7.69,3.0,1,0,0,0,1,0,12,0
843,6.98,12.666666666666666,1,1,0,0,1,0,14,0
844,5.69,11.666666666666666,1,1,0,1,1,0,8,0
845,1.2,1.6666666666666667,0,1,0,1,1,0,12,0
846,7.48,1.0,1,1,0,0,0,0,16,1
847,3.13,1.6666666666666667,0,1,1,1,1,0,12,1
848,5.61,4.333333333333333,0,1,0,0,1,0,12,0
849,3.27,1.3333333333333333,0,1,0,1,0,0,12,0
850,6.25,3.3333333333333335,1,1,0,0,1,0,12,1
851,7.69,3.3333333333333335,1,1,0,0,1,0,13,1
852,4.0,7.666666666666667,1,1,0,1,0,0,12,0
853,4.66,12.666666666666666,0,1,0,1,0,0,10,1
854,3.82,1.3333333333333333,0,1,0,0,1,0,10,0
855,5.24,4.333333333333333,1,1,0,0,1,0,12,1
856,5.13,11.666666666666666,1,0,0,1,1,0,10,0
857,3.37,0.6666666666666666,1,1,0,1,0,0,12,0
858,6.41,1.6666666666666667,1,1,0,1,0,0,13,0
859,4.81,4.333333333333333,1,1,0,1,1,0,12,0
860,5.61,8.333333333333334,1,1,0,0,1,0,13,1
861,7.97,3.0,1,1,0,0,1,0,13,1
862,3.75,6.666666666666667,0,1,0,1,1,0,13,0
863,5.15,3.3333333333333335,1,1,0,1,1,0,10,1
864,5.77,5.666666666666667,1,1,0,0,1,0,12,1
865,4.94,15.333333333333334,1,1,0,0,1,0,12,0
866,3.75,1.0,0,1,0,0,0,0,12,0
867,1.98,7.666666666666667,0,1,0,0,1,0,10,1
868,2.52,1.0,0,1,0,1,0,0,8,1
869,2.93,14.0,0,1,1,1,0,0,12,0
870,5.09,11.666666666666666,1,1,0,0,1,0,5,0
871,2.4,1.3333333333333333,0,1,0,0,0,0,13,1
872,4.87,4.0,1,1,0,0,0,0,10,0
873,6.59,6.666666666666667,0,1,1,0,1,0,13,0
874,1.2,1.3333333333333333,0,1,0,1,1,0,12,0
875,3.33,2.6666666666666665,0,1,0,1,0,0,12,1
876,1.96,0.3333333333333333,0,1,0,1,0,0,13,0
877,2.73,13.666666666666666,0,1,0,0,1,0,8,0
878,2.63,0.0,1,1,0,1,1,0,10,0
879,3.75,0.3333333333333333,0,1,0,0,0,0,10,0
880,3.08,2.6666666666666665,1,1,1,1,1,1,10,0
881,4.27,14.666666666666666,0,0,0,0,1,1,12,1
882,4.5,3.6666666666666665,0,1,0,0,1,0,8,1
883,5.53,2.6666666666666665,0,1,0,0,1,0,12,0
884,4.09,1.6666666666666667,1,1,1,0,1,0,12,1
885,4.55,1.6666666666666667,0,1,0,0,1,0,12,0
886,18.74,2.3333333333333335,0,0,0,0,1,0,10,0
887,4.12,4.0,0,1,0,0,1,0,16,0
888,5.77,6.666666666666667,1,0,0,0,1,0,5,1
889,4.81,1.0,1,1,0,0,0,0,12,0
890,5.77,2.0,0,1,0,0,1,0,12,0
891,4.81,14.0,1,1,0,1,1,0,5,0
892,8.65,7.333333333333333,1,1,0,0,1,0,12,1
893,1.92,1.0,0,1,0,1,1,0,10,1
894,5.93,9.666666666666666,0,0,0,0,1,0,8,1
895,6.01,2.6666666666666665,1,1,0,0,1,0,12,0
896,3.35,1.3333333333333333,0,1,0,0,0,0,12,0
897,6.01,10.666666666666666,0,1,0,0,1,0,8,0
898,2.96,0.6666666666666666,1,1,0,0,0,0,12,1
899,10.82,8.0,0,1,0,0,1,0,16,1
900,4.81,7.666666666666667,0,1,0,0,1,0,12,1
901,8.79,13.333333333333334,0,1,0,0,1,0,12,1
902,11.6,4.666666666666667,1,0,0,0,1,0,12,1
903,4.81,1.6666666666666667,1,1,0,0,0,0,12,1
904,3.75,14.666666666666666,1,1,0,0,1,0,8,1
905,5.29,4.0,1,1,0,0,1,0,16,1
906,6.5,3.0,1,1,0,0,1,0,12,0
907,5.82,10.0,1,1,0,0,1,0,10,1
908,1.79,0.6666666666666666,1,1,0,0,0,0,12,0
909,4.28,1.0,1,1,0,0,0,0,12,1
910,1.98,8.333333333333334,0,0,0,1,1,0,10,0
911,2.31,3.0,0,1,0,1,1,0,12,0
912,3.5,3.3333333333333335,1,1,1,1,1,0,10,0
913,4.37,0.6666666666666666,0,1,0,1,1,0,12,0
914,2.26,7.666666666666667,1,0,0,1,1,0,8,0
915,3.75,6.333333333333333,0,1,0,1,0,0,10,0
916,3.75,11.333333333333334,0,0,0,1,1,0,12,0
917,2.64,2.6666666666666665,0,1,0,1,1,0,12,1
918,2.26,7.0,1,1,0,1,0,0,10,0
919,1.83,3.6666666666666665,0,0,0,1,1,0,10,1
920,2.88,6.666666666666667,0,0,0,1,0,0,13,0
921,1.98,3.3333333333333335,0,0,0,1,0,0,5,0
922,1.98,9.0,0,0,0,1,1,0,10,0
923,1.98,8.333333333333334,0,1,0,1,1,0,8,0
924,3.37,3.0,0,1,0,1,1,0,10,0
925,1.98,6.333333333333333,1,1,0,1,0,0,8,0
926,1.92,8.666666666666666,0,0,0,1,1,0,5,0
927,3.37,3.6666666666666665,0,1,0,1,1,0,10,0
928,3.75,12.0,1,1,0,0,1,0,5,1
929,3.75,2.0,0,1,0,1,1,0,12,1
930,6.59,11.0,0,1,0,0,1,0,12,0
931,3.75,11.666666666666666,0,1,1,0,1,0,10,0
932,7.96,14.0,0,0,0,0,1,0,10,1
933,3.75,9.333333333333334,0,1,0,0,1,1,12,0
934,6.61,3.6666666666666665,1,1,0,0,1,0,12,0
935,8.65,14.0,1,1,1,0,1,0,10,1
936,5.02,11.0,0,1,0,0,1,0,12,0
937,11.54,14.0,1,1,0,0,0,0,10,1
938,5.9,8.333333333333334,0,1,0,0,1,0,12,0
939,3.75,2.0,0,1,1,0,1,0,8,0
940,8.7,13.666666666666666,1,1,0,0,1,0,12,1
941,21.54,11.333333333333334,0,1,0,0,1,0,12,1
942,3.27,9.0,0,0,0,1,1,0,12,0
943,3.3,5.666666666666667,0,1,0,1,0,0,10,0
944,5.49,14.666666666666666,1,1,0,0,1,0,12,0
945,2.4,14.0,1,1,0,1,0,0,10,0
946,4.09,0.3333333333333333,1,1,0,0,0,0,12,0
947,1.98,11.666666666666666,0,1,1,0,1,0,5,1
948,7.21,14.0,1,1,0,0,1,0,10,1
949,8.5,1.3333333333333333,1,1,0,0,1,0,16,1
950,1.98,0.3333333333333333,0,1,0,1,1,0,8,0
951,7.18,6.0,1,1,0,0,1,0,10,1
952,4.81,2.0,0,1,0,0,1,0,16,1
953,5.24,5.0,1,1,0,0,1,0,12,0
954,9.13,8.0,0,1,0,0,1,0,12,1
955,3.75,8.333333333333334,0,1,0,1,1,0,12,0
956,7.69,13.333333333333334,1,1,1,0,0,0,12,1
957,8.6,10.333333333333334,1,1,1,0,1,0,5,1
958,5.29,6.666666666666667,0,1,0,0,1,0,10,0
959,2.4,0.0,1,0,0,0,0,0,8,0
960,3.21,1.6666666666666667,0,0,0,0,1,0,12,0
961,6.67,5.0,1,1,0,1,1,0,10,0
962,3.85,1.6666666666666667,1,1,1,0,1,0,13,1
963,8.49,12.0,0,1,0,0,1,0,12,1
964,7.21,6.0,1,1,0,0,1,0,10,0
965,3.33,7.333333333333333,0,1,0,0,1,1,13,0
966,4.27,0.6666666666666666,1,1,0,1,0,0,12,0
967,2.88,1.3333333333333333,0,1,0,0,0,0,13,1
968,4.09,3.3333333333333335,0,1,0,0,1,0,12,0
969,2.75,12.0,0,1,1,1,1,0,10,0
970,4.12,3.0,1,1,1,1,0,0,8,1
971,9.62,5.0,1,1,0,0,1,0,12,1
972,5.53,1.6666666666666667,0,1,0,0,1,0,12,0
973,4.01,1.6666666666666667,0,1,0,1,1,0,13,0
974,3.41,1.3333333333333333,0,1,0,0,1,0,14,0
975,6.92,1.0,0,1,0,0,1,0,12,0
976,3.75,4.0,0,0,1,1,1,0,12,0
977,7.96,1.6666666666666667,1,1,0,0,0,0,12,1
978,3.75,2.0,1,1,1,1,1,0,8,1
979,4.28,2.3333333333333335,1,1,0,1,0,0,12,0
980,2.31,11.666666666666666,1,1,0,0,1,0,5,0
981,3.8,5.0,1,0,0,1,1,0,12,0
982,4.09,1.6666666666666667,0,1,0,0,0,0,12,0
983,3.85,4.0,1,1,0,1,1,0,12,0
984,3.75,7.666666666666667,1,1,0,1,1,0,10,0
985,3.0,3.3333333333333335,1,1,1,0,0,0,12,1
986,3.96,0.3333333333333333,1,1,1,0,0,0,16,0
987,8.55,6.666666666666667,1,1,0,0,1,0,12,1
988,3.75,4.666666666666667,1,1,1,0,1,0,10,1
989,6.0,0.3333333333333333,0,1,0,0,1,0,8,0
990,4.81,2.0,1,1,0,0,1,0,12,0
991,2.5,8.666666666666666,0,1,0,0,1,0,12,0
992,4.32,6.0,1,1,1,1,0,0,10,0
993,1.27,1.3333333333333333,0,1,0,0,0,0,12,0
994,5.77,4.333333333333333,1,1,0,1,1,0,12,0
995,4.2,11.0,1,1,0,0,1,0,10,0
996,13.74,9.333333333333334,1,1,0,0,1,0,12,1
997,2.56,1.3333333333333333,0,1,0,0,1,0,16,0
998,5.13,14.0,1,1,0,0,1,0,13,1
999,7.21,13.0,1,1,0,0,1,0,5,1
1000,4.24,2.3333333333333335,0,1,0,0,1,1,13,0
1001,4.1,12.666666666666666,0,1,0,0,1,0,12,0
1002,8.5,6.333333333333333,1,1,0,0,1,0,12,1
1003,5.94,9.666666666666666,1,1,0,0,1,0,12,0
1004,10.54,11.666666666666666,1,1,1,0,1,0,10,1
1005,3.5,6.0,0,1,0,0,1,0,10,0
1006,5.95,2.6666666666666665,1,1,0,0,1,0,13,0
1007,8.89,6.666666666666667,1,1,0,0,1,0,13,1
1008,5.73,11.333333333333334,1,1,0,0,1,0,5,0
1009,1.05,9.666666666666666,0,1,1,0,1,0,5,0
1010,3.85,2.6666666666666665,1,1,0,0,1,0,13,1
1011,2.88,1.3333333333333333,0,1,0,0,0,0,12,0
1012,8.44,5.0,1,1,0,0,1,0,12,1
1013,3.61,2.0,0,1,0,0,0,0,12,1
1014,5.77,6.666666666666667,1,1,0,0,0,0,12,0
1015,3.33,11.666666666666666,1,1,1,0,1,0,8,0
1016,7.96,14.666666666666666,0,0,0,0,1,0,5,0
1017,4.49,5.666666666666667,1,1,0,0,1,0,10,1
1018,2.38,1.0,0,1,0,0,0,0,13,1
1019,5.08,13.333333333333334,1,1,0,0,1,0,12,0
1020,5.31,6.0,0,1,0,0,1,0,12,1
1021,5.31,7.666666666666667,1,1,0,0,0,0,12,0
1022,6.54,3.3333333333333335,0,1,0,0,1,0,10,1
1023,7.43,6.0,1,1,1,0,0,0,10,1
1024,5.29,14.0,1,1,0,0,1,0,12,0
1025,11.09,12.666666666666666,1,1,0,0,1,0,8,1
1026,3.33,1.6666666666666667,0,1,1,0,0,0,13,1
1027,3.27,8.333333333333334,0,1,0,0,1,0,8,0
1028,3.85,8.666666666666666,1,1,0,0,1,0,8,0
1029,8.04,3.6666666666666665,0,1,0,0,1,0,12,1
1030,4.62,5.333333333333333,0,1,0,0,1,0,10,0
1031,7.96,13.333333333333334,1,1,0,0,1,0,5,1
1032,4.85,2.3333333333333335,0,1,0,0,1,0,12,1
1033,6.97,5.666666666666667,0,1,0,0,0,0,12,0
1034,4.81,14.666666666666666,0,1,0,0,1,0,12,0
1035,3.02,2.0,0,0,0,0,1,0,12,0
1036,3.98,2.6666666666666665,0,1,0,0,1,0,12,0
1037,5.56,10.333333333333334,0,1,0,0,0,0,12,0
1038,7.32,8.666666666666666,1,1,0,0,1,0,12,1
1039,7.69,6.666666666666667,1,1,0,0,1,0,10,1
1040,6.29,7.333333333333333,0,1,0,0,1,0,13,0
1041,9.62,3.6666666666666665,1,1,0,0,1,0,12,1
1042,7.63,2.6666666666666665,0,1,0,0,1,0,13,1
1043,4.29,13.333333333333334,1,1,0,0,1,0,5,0
1044,25.64,4.333333333333333,0,1,0,0,1,0,10,1
1045,4.24,1.0,0,1,0,0,0,0,12,1
1046,3.87,3.3333333333333335,0,1,0,0,1,0,12,1
1047,5.73,6.0,1,1,0,0,1,0,10,0
1048,3.5,1.6666666666666667,0,1,0,1,1,0,12,0
1049,5.05,5.333333333333333,1,1,1,0,1,0,10,0
1050,7.96,3.3333333333333335,1,1,0,0,1,0,12,1
1051,7.96,3.3333333333333335,1,1,0,0,1,0,12,1
1052,3.41,1.0,1,1,0,0,0,0,12,0
1053,5.73,13.333333333333334,1,1,0,0,0,0,8,0
1054,8.89,11.666666666666666,0,1,0,0,1,0,12,1
1055,4.81,9.333333333333334,1,1,0,0,1,0,10,0
1056,4.81,5.333333333333333,0,1,0,0,1,0,14,0
1057,3.75,6.333333333333333,0,1,1,0,0,0,12,0
1058,13.41,3.6666666666666665,1,1,0,0,1,0,10,1
1059,5.09,3.3333333333333335,0,1,0,0,1,0,12,0
1060,2.88,1.3333333333333333,1,1,1,0,0,0,12,1
1061,3.21,0.6666666666666666,0,1,1,0,0,0,14,1
1062,4.55,1.6666666666666667,0,1,0,0,0,0,12,0
1063,5.77,10.333333333333334,1,1,0,0,0,0,10,0
1064,8.85,9.333333333333334,1,1,0,0,1,0,14,1
1065,4.41,3.0,1,1,0,0,1,0,10,0
1066,4.27,4.0,0,1,0,0,1,0,13,0
1067,10.12,5.666666666666667,0,1,0,0,1,0,13,1
1068,5.29,12.333333333333334,0,1,1,0,1,0,13,0
1069,5.73,11.666666666666666,1,1,0,0,1,0,8,0
1070,7.63,11.666666666666666,1,1,0,0,1,0,12,1
1071,7.69,3.3333333333333335,1,1,0,0,1,0,13,1
1072,6.08,14.0,1,0,0,0,1,0,12,0
1073,7.49,9.0,1,1,0,0,0,0,12,1
1074,6.37,1.6666666666666667,1,1,0,0,1,0,13,0
1075,6.41,1.6666666666666667,1,1,0,1,0,0,12,0
1076,1.98,1.0,0,1,0,0,0,0,12,0
1077,3.85,12.333333333333334,0,0,1,0,0,0,5,0
1078,7.05,4.666666666666667,0,1,0,0,0,0,12,1
1079,5.13,7.0,0,1,0,0,1,0,13,0
1080,6.35,2.3333333333333335,1,1,0,0,1,0,10,0
1081,6.69,9.0,1,1,0,0,1,0,12,0
1082,4.62,0.3333333333333333,0,1,0,0,0,0,13,0
1083,5.02,10.333333333333334,0,1,0,0,1,0,13,0
1084,4.23,14.0,0,1,0,0,1,1,5,0
1085,4.33,15.0,0,0,1,0,1,0,5,0
1086,6.54,11.333333333333334,1,1,0,0,1,0,10,0
1087,7.13,3.0,1,1,0,0,0,0,13,1
1088,3.85,1.0,0,1,0,0,1,1,10,1
1089,2.17,0.6666666666666666,0,1,0,1,1,0,10,0
1090,5.29,12.0,1,1,1,0,1,0,10,0
1091,6.49,9.0,1,1,0,1,1,0,12,0
1092,10.19,13.0,0,1,0,0,1,0,12,1
1093,5.79,3.0,0,1,0,0,1,0,16,1
1094,3.82,15.666666666666666,0,1,0,0,0,0,12,0
1095,12.54,4.333333333333333,0,1,0,0,1,0,12,1
1096,7.69,9.333333333333334,0,1,0,0,1,0,10,1
1097,8.55,8.666666666666666,0,1,0,0,1,0,12,1
1098,5.92,11.333333333333334,0,1,0,0,1,0,12,0
1099,13.74,9.333333333333334,0,1,0,0,1,0,12,1
1100,2.12,5.666666666666667,0,1,0,1,1,0,14,0
1101,16.14,3.3333333333333335,0,1,0,0,1,0,13,0
1102,1.32,7.0,0,0,0,0,1,0,10,0
1103,1.79,5.0,0,1,0,0,1,0,12,1
1104,2.32,5.0,0,1,0,0,1,0,13,1
1105,3.7,3.6666666666666665,0,1,0,0,1,0,12,0
1106,6.75,12.333333333333334,0,1,0,0,1,0,10,0
1107,8.44,14.333333333333334,0,1,0,0,1,0,5,1
1108,26.24,12.333333333333334,0,1,0,0,1,0,12,0
1109,8.88,8.0,0,1,0,0,1,0,12,1
1110,2.5,5.666666666666667,0,1,0,0,1,0,10,0
1111,7.28,5.333333333333333,0,1,0,0,1,0,12,1
1112,7.84,12.0,0,1,0,0,1,0,12,1
1113,26.24,12.333333333333334,0,1,0,0,1,0,12,1
1114,6.33,12.666666666666666,0,1,0,0,1,0,8,0
1115,4.16,3.0,0,1,0,0,1,0,12,1
1116,3.21,12.0,0,1,0,0,1,0,5,1
1117,2.02,13.666666666666666,0,1,0,1,0,0,5,0
1118,9.23,3.3333333333333335,1,1,0,0,1,0,12,1
1119,2.68,11.0,0,1,0,0,1,0,5,0
1120,8.65,1.6666666666666667,0,1,0,1,1,0,14,1
1121,2.08,0.3333333333333333,0,1,0,1,0,1,12,1
1122,6.25,15.666666666666666,0,0,1,1,1,0,5,1
1123,1.92,2.6666666666666665,0,1,0,0,1,0,12,0
1124,3.08,2.0,0,1,0,0,1,1,10,0
1125,2.11,4.0,0,1,0,1,1,1,12,0
1126,3.46,8.666666666666666,0,1,0,1,0,1,5,0
1127,4.81,4.666666666666667,1,1,0,0,1,0,10,0
1128,3.37,4.333333333333333,1,1,0,1,0,1,5,0
1129,5.77,13.0,1,1,0,0,1,0,5,0
1130,3.34,3.3333333333333335,0,1,0,0,1,1,13,0
1131,7.26,9.0,1,0,0,0,1,0,10,1
1132,3.73,1.6666666666666667,0,1,0,0,1,0,13,0
1133,2.21,2.0,1,1,0,1,0,0,12,0
1134,2.92,10.666666666666666,0,0,0,0,1,1,8,0
1135,3.53,0.3333333333333333,1,1,1,0,1,1,8,1
1136,1.8,2.6666666666666665,0,1,0,1,1,0,12,1
1137,2.6,5.0,0,1,0,1,1,1,10,1
1138,1.17,0.3333333333333333,0,1,1,0,0,0,12,0
1139,1.88,8.333333333333334,1,1,0,1,0,0,10,0
1140,2.88,5.0,1,1,1,1,1,0,10,0
1141,1.92,2.3333333333333335,0,1,0,1,1,0,12,1
1142,1.88,0.3333333333333333,0,1,0,1,0,0,12,1
1143,3.37,4.0,0,1,0,1,1,1,12,0
1144,1.82,1.0,0,1,0,1,0,1,10,0
1145,1.46,0.6666666666666666,0,1,1,0,1,0,10,1
1146,2.26,1.0,0,1,0,1,1,1,10,0
1147,2.07,0.6666666666666666,0,1,0,1,0,0,12,0
1148,3.54,5.333333333333333,0,1,0,0,1,0,13,0
1149,1.26,10.666666666666666,0,1,1,1,0,0,5,0
1150,2.26,6.666666666666667,0,1,0,1,1,1,10,0
1151,3.95,5.666666666666667,0,1,0,1,1,1,12,0
1152,2.65,5.0,0,1,0,1,0,0,5,0
1153,3.75,6.333333333333333,0,1,0,1,1,1,8,0
1154,2.26,12.333333333333334,1,0,0,0,0,0,5,0
1155,2.19,9.666666666666666,1,1,1,1,0,1,10,0
1156,2.19,1.6666666666666667,0,0,0,1,0,1,13,0
1157,3.21,2.3333333333333335,0,1,0,1,0,0,5,0
1158,2.47,7.666666666666667,0,1,0,1,0,0,5,0
1159,3.0,1.6666666666666667,0,1,0,1,0,0,12,1
1160,3.75,9.666666666666666,0,1,0,0,0,1,8,0
1161,2.0,4.333333333333333,0,1,0,1,0,0,12,0
1162,2.26,3.3333333333333335,0,1,0,1,1,0,12,0
1163,2.88,4.0,0,1,0,1,1,0,13,1
1164,4.69,2.3333333333333335,1,1,0,1,1,0,12,0
1165,3.95,3.0,0,1,0,1,1,0,12,0
1166,6.54,1.3333333333333333,0,1,0,0,1,0,12,0
1167,3.57,8.666666666666666,0,1,0,1,0,1,12,0
1168,5.31,5.0,0,1,0,0,1,1,17,0
1169,2.63,6.333333333333333,0,1,0,1,1,0,10,1
1170,4.33,7.333333333333333,0,0,0,0,1,0,16,0
1171,2.25,4.0,0,1,1,1,0,0,5,0
1172,2.75,3.6666666666666665,0,1,0,1,1,0,10,0
1173,3.29,2.0,1,1,0,1,1,1,12,0
1174,5.77,4.333333333333333,0,1,0,0,1,0,14,1
1175,4.74,2.6666666666666665,0,1,0,1,0,1,13,1
1176,4.12,2.3333333333333335,0,1,0,1,0,1,13,0
1177,2.89,4.0,0,1,1,1,0,1,10,0
1178,6.96,3.6666666666666665,1,1,0,0,1,0,13,0
1179,6.41,13.666666666666666,0,1,0,0,1,1,12,0
1180,4.28,2.3333333333333335,1,1,0,1,1,1,12,0
1181,1.28,3.0,0,1,0,1,1,1,13,1
1182,2.56,13.333333333333334,1,1,0,1,0,1,10,0
1183,4.62,2.3333333333333335,0,1,1,1,1,1,14,1
1184,1.98,3.0,0,1,0,1,1,1,12,0
1185,1.92,4.333333333333333,0,1,0,1,0,1,13,1
1186,1.8,11.0,0,0,0,1,1,1,13,0
1187,1.98,5.666666666666667,0,1,0,1,0,1,14,0
1188,2.0,1.0,0,1,1,1,0,1,13,0
1189,2.11,2.6666666666666665,0,1,0,1,0,1,16,0
1190,2.11,1.0,0,1,0,1,1,1,10,1
1191,2.77,3.0,0,1,0,0,0,1,13,0
1192,3.46,10.0,0,1,0,1,0,0,10,0
1193,6.0,1.6666666666666667,0,1,0,1,0,1,13,1
1194,4.81,4.333333333333333,0,1,1,0,1,1,12,0
1195,2.33,1.6666666666666667,0,1,0,1,1,1,12,0
1196,3.57,3.0,0,1,0,1,0,1,16,1
1197,1.98,2.6666666666666665,0,1,0,1,0,1,13,0
1198,5.13,6.666666666666667,0,1,1,1,1,0,10,0
1199,4.47,1.0,0,1,0,1,0,1,13,0
1200,2.07,1.6666666666666667,1,1,0,1,0,1,12,1
1201,6.97,6.666666666666667,1,1,0,1,1,1,13,0
1202,1.98,0.6666666666666666,0,1,0,1,0,1,12,0
1203,4.62,2.3333333333333335,0,1,0,1,0,1,12,0
1204,3.21,1.6666666666666667,0,1,0,0,0,1,13,0
1205,1.8,15.333333333333334,0,1,0,1,0,1,14,0
1206,4.62,3.3333333333333335,1,1,0,1,1,0,12,0
1207,6.11,9.0,0,1,0,0,1,0,12,0
1208,5.73,13.0,0,1,1,0,1,0,16,0
1209,3.57,4.333333333333333,0,1,0,0,1,1,13,1
1210,1.58,9.0,0,1,0,0,1,1,12,1
1211,4.21,2.3333333333333335,0,1,0,0,1,1,12,1
1212,1.75,6.0,0,1,0,1,0,1,12,0
1213,2.15,2.0,0,1,0,1,1,1,12,0
1214,1.02,3.6666666666666665,0,1,0,1,1,1,13,0
1215,2.4,3.3333333333333335,0,1,1,1,1,1,12,0
1216,2.83,9.333333333333334,0,1,1,1,0,1,13,0
1217,3.29,0.6666666666666666,0,1,0,1,1,1,10,0
1218,1.98,15.0,0,1,0,1,0,1,12,0
1219,23.16,3.0,0,1,0,0,0,1,10,1
1220,5.49,4.333333333333333,0,1,0,1,1,1,12,1
1221,3.0,13.333333333333334,0,1,0,0,0,1,13,0
1222,3.29,3.3333333333333335,0,0,0,1,0,1,12,1
1223,2.88,5.0,0,1,0,1,0,1,12,1
1224,2.63,4.0,0,1,0,1,1,1,10,0
1225,5.82,6.666666666666667,0,1,0,1,0,1,17,0
1226,1.09,2.6666666666666665,0,1,0,1,1,1,10,0
1227,1.28,4.333333333333333,0,1,0,1,1,0,12,1
1228,6.25,1.0,0,1,0,1,0,1,12,0
1229,2.88,2.3333333333333335,0,1,0,0,1,0,14,1
1230,7.69,6.0,1,1,0,0,1,0,12,1
1231,7.14,4.333333333333333,0,1,0,0,1,0,12,1
1232,6.93,12.0,1,1,0,0,1,0,12,0
1233,1.56,1.3333333333333333,0,1,0,0,0,0,12,0
1234,1.98,2.6666666666666665,0,1,0,1,0,1,10,0
1235,8.75,8.0,1,1,0,0,0,1,16,1
1236,4.81,10.333333333333334,0,1,0,0,1,0,12,0
1237,4.71,5.333333333333333,0,1,0,0,1,0,13,0
1238,4.87,3.3333333333333335,0,1,0,0,1,0,13,0
1239,4.62,3.3333333333333335,0,1,0,0,1,0,13,1
1240,2.4,4.0,0,1,0,0,0,1,12,1
1241,5.34,6.666666666666667,0,1,0,0,1,0,12,0
1242,4.21,4.333333333333333,1,1,0,0,1,0,12,0
1243,4.72,3.0,1,1,0,0,1,0,13,1
1244,12.82,5.0,1,1,0,0,1,0,13,1
1245,6.73,11.333333333333334,0,1,0,0,1,0,10,0
1246,5.39,2.6666666666666665,1,1,0,0,1,0,14,0
1247,5.31,1.0,0,1,0,0,0,0,17,1
1248,10.58,6.333333333333333,0,1,0,0,0,0,16,1
1249,8.65,3.3333333333333335,1,1,0,0,1,0,13,1
1250,4.17,4.333333333333333,0,1,0,0,1,0,10,0
1251,6.81,2.3333333333333335,1,1,0,0,0,0,12,0
1252,9.62,7.0,1,1,0,0,1,0,16,1
1253,1.22,3.3333333333333335,0,1,0,1,0,1,5,0
1254,1.79,6.666666666666667,0,1,0,1,1,1,8,0
1255,1.61,8.333333333333334,0,1,1,1,0,1,12,0
1256,1.68,1.3333333333333333,0,1,0,1,1,1,12,0
1257,3.29,11.666666666666666,0,1,1,1,0,1,12,0
1258,2.31,5.0,0,1,1,1,1,1,10,0
1259,1.92,8.0,0,0,0,1,0,1,16,0
